{
  "min_fee": 75,
  "eur_per_km_base": 0.75,
  "per_kg_km": 0.02,
  "per_m3_km": 0.01,
  "fuel_pct": 0.18,
  "density_kg_per_m3": 250,
  "trailers": {
    "tautliner": {
      "volume_m3": 90,
      "payload_kg": 24000,
      "multiplier": 1.0
    },
    "mega": {
      "volume_m3": 100,
      "payload_kg": 24000,
      "multiplier": 1.05
    },
    "koel": {
      "volume_m3": 86,
      "payload_kg": 22000,
      "multiplier": 1.15
    }
  },
  "zones": {
    "NL": {
      "flat": 0
    },
    "BE": {
      "flat": 20
    },
    "DE": {
      "flat": 35
    }
  },
  "accessorials": {
    "adr": 45,
    "city_delivery": 25,
    "waiting_per_hour": 40,
    "toll_per_km": 0.08
  }
}